product_id,1.0,2.0,3.0,4.0,5.0
1578508622,,,8.0,,
B00012K8R2,,,,26.0,
B00020QJEE,,,169.0,169.0,169.0
B00027C63K,,,,,2.0
B00074W9L2,,,,546.0,546.0
B000AZ7LYI,,,,,1.0
B000B8YYP8,38.0,,,38.0,38.0
B000HK1NK4,,,,169.0,169.0
B000HVHUMI,,,,,16.0
B000JK7SK6,,2.0,,,
B000L1UYEU,,,,,1.0
B000MA5EJA,37.0,,,,37.0
B000QWG43Y,,,39.0,39.0,39.0
B000RO3VF0,,,,,1.0
B000RO8880,,,,,1.0
B0016GG7VI,526.0,526.0,,526.0,526.0
B00186ROYK,522.0,,522.0,522.0,522.0
B0019D24I8,,101.0,101.0,,101.0
B0019GOQ9A,,,,,48.0
B001A1PMM4,,,312.0,312.0,312.0
B001A1TKYK,,,,,312.0
B001A46IGK,,,,,24.0
B001AC4J04,,,840.0,840.0,840.0
B001DKZFCY,,,,,21.0
B001F1RXIA,,,25.0,,25.0
B001FX4EFI,,,,146.0,146.0
B001GXCUDU,,,,39.0,
B001M0UJXK,33.0,,,33.0,33.0
B001P4R6Z2,,,23.0,,23.0
B001PLIGKE,,,4.0,,4.0
B002643DYI,,,,,140.0
B0027AEKJ8,310.0,,310.0,310.0,310.0
B002B0GB3W,,,315.0,315.0,315.0
B002MVJJZW,,,,161.0,161.0
B002QI6K94,,,49.0,,49.0
B002RXWEWA,,,,7.0,
B002UNC5XK,,,,,93.0
B002UNHTHW,,,,,139.0
B003JTPJ1Y,,,,,98.0
B003NL4ILA,,,,76.0,76.0
B003OCYK4I,,17.0,17.0,,
B003SXXRBA,,,,,489.0
B003TYJFE6,44.0,,44.0,44.0,44.0
B003WJNP30,,,,,38.0
B003XWALCY,,,,,57.0
B0040ZNWDS,,55.0,,,55.0
B00488LRQ6,,,,32.0,
B004C1252Y,98.0,,,,98.0
B004E2Q18K,,,,288.0,288.0
B004HH9BIE,,,,,8.0
B004UAFRIG,,,,149.0,149.0
B00514DI7C,,,,1.0,
B0054QOEAC,,,,341.0,
B005AKPYYM,,,,,217.0
B005DX8XHQ,,,,201.0,201.0
B005FWXV8G,,,,,8.0
B005GG78VM,,,,,16.0
B005ORARFM,,,47.0,,47.0
B005RQYIFA,,,,,3.0
B005SBECY6,,,,,2.0
B005TVFWJ4,,,,,1.0
B005VIQJNI,,,,7.0,
B005WK6TXA,,31.0,31.0,31.0,
B006L68WUW,,,,,2092.0
B006L6WNVG,1548.0,1548.0,1548.0,1548.0,1548.0
B006N7Z054,,,2.0,,
B006WC75DU,,,,,788.0
B006ZM8H1Q,,51.0,,,51.0
B0073FF0D2,,,,,208.0
B0073FFNDE,,,,,89.0
B0078QE73A,,,,,5.0
B007IX8H0M,,,,,127.0
B007IX8HU2,,,,,28.0
B007IX96O8,,,,,53.0
B007IX9K1C,,,,315.0,315.0
B007Q4A7MY,,,,,681.0
B007R2LROC,,,,,38.0
B007TARPFM,140.0,,,,140.0
B008FY0S0U,341.0,341.0,,,341.0
B008KTD3TI,,,,,19.0
B008ND0PQK,,,,,98.0
B008O7CQV2,341.0,,341.0,341.0,341.0
B008SCCE6K,6.0,,,,
B008VFBA96,,,,57.0,57.0
B009085UPI,,,740.0,,740.0
B0094IXBOG,104.0,,,,
B0094IXE3O,104.0,,104.0,,104.0
B0094IXESE,,,,,104.0
B009FNS5YG,,,,351.0,351.0
B009NKS7P8,,,,,254.0
B009QM6V2E,267.0,,,267.0,267.0
B009Z6IJQM,,,,1.0,
B00A4D1RQO,,,,,504.0
B00AEB9DZI,,,,,3.0
B00AIAWU50,,,7.0,,
B00AQKIN2G,,,,,2.0
B00AQKO1EU,,,,,5.0
B00B1NKRQW,70.0,70.0,,,
B00BLTHBPQ,,,,,8.0
B00BPN2UMM,,,,39.0,
B00BT32XCU,,,22.0,22.0,
B00BWR0UAK,,,,,154.0
B00BWR3BB0,,,,,154.0
B00BWR52DK,,,,,154.0
B00BWRAQ0Y,,,,,154.0
B00BWRB99Q,,154.0,,,
B00BWSON8Y,,,,,19.0
B00BWSON9S,,19.0,,,19.0
B00BWSONB6,,33.0,,33.0,33.0
B00BWSOND4,,107.0,107.0,107.0,107.0
B00BY1FLAI,,,,,5.0
B00BY8CKAA,273.0,273.0,273.0,273.0,273.0
B00CGXBZ0I,,,,,104.0
B00CGXC034,,,,,104.0
B00CGXC22S,104.0,,104.0,,
B00CGXCFP2,,,,,104.0
B00CJ26OAW,,,,,74.0
B00CWHRX6S,,,,,2.0
B00CZ596K8,,1.0,,,
B00D2B7RAU,,,,,4.0
B00D44PP7C,,,,,7.0
B00DNLLWCI,,,136.0,136.0,136.0
B00DNLLXSG,,,,,136.0
B00DNLMQGE,,,,,136.0
B00DNLMT6Q,,,,,136.0
B00DOR4UEI,,81.0,,81.0,
B00E1R36XQ,,,,,6.0
B00EE3N6L4,19.0,,,19.0,19.0
B00EE3NO6Q,,,,,3.0
B00EHDJS4K,,1.0,,,
B00EONZBUS,160.0,,,,
B00EP9A2S2,,,163.0,163.0,163.0
B00EP9AX5O,,,163.0,163.0,163.0
B00F9JITSW,,,,,740.0
B00FIJOTUK,,,788.0,788.0,788.0
B00FLFEX84,,,,,4.0
B00FN5KJO4,,,,,16.0
B00FQDDN9G,,,,,16.0
B00GAZQGUW,,4.0,,,
B00GMOU4DG,,,,,104.0
B00GMPCXVG,,,,,77.0
B00GZHB5MO,,84.0,,84.0,84.0
B00HNW1ORQ,496.0,496.0,496.0,496.0,496.0
B00I8UIIK8,,,,,22.0
B00I8UMYQC,,,,,22.0
B00I9QUNFO,,,,,3.0
B00IIQQFTS,,,,,15.0
B00ILFJW2I,,,,,341.0
B00IPR9JFW,,,,,582.0
B00IXE4KG0,,,,16.0,16.0
B00J51GUR2,54.0,,,,54.0
B00J51GUUO,,,,24.0,24.0
B00J5KRL4O,,,,446.0,
B00JBSVE4I,,15.0,,,15.0
B00JEYJXG0,,,,,21.0
B00JEYR4NO,,,,,4.0
B00JG3Q39E,,,,,11.0
B00JG3QDNK,,,,,2.0
B00JG3QFA6,,,,,2.0
B00JG3T2F6,,,,,2.0
B00JG4146U,,2.0,,,
B00JG43HII,,,,1.0,
B00JG4BVRW,,,,4.0,
B00JG4BZLY,,,3.0,,
B00JG4KIMQ,,,,,1.0
B00JG4LS0C,,,,1.0,
B00JG4MBSU,,1.0,,,
B00K4N3Y2E,,,,,2.0
B00K8OZ2RY,,,,,109.0
B00KI3NYV6,,,,,4.0
B00KODGA5W,1067.0,1067.0,1067.0,1067.0,1067.0
B00KVAEJ92,,,65.0,65.0,65.0
B00KWH2TZA,39.0,,39.0,39.0,39.0
B00L317VC0,,,,,1.0
B00LB01NCM,,,,,4.0
B00LLYMJNU,,,,,2.0
B00LMGZC2W,,,,47.0,47.0
B00LPRPERQ,,,2.0,,
B00LPRRAGY,,3.0,,,
B00LZ2MRJ4,3.0,3.0,,,
B00MM39V0S,,,,,10.0
B00NFUNOOG,55.0,,,,
B00NFUOK2G,,170.0,,,170.0
B00NFWGRRU,,,,,2.0
B00NFWPG6S,3.0,,,,
B00O54IK36,30.0,,,,
B00O829UH0,,,2.0,,
B00OA5ECIC,,,,,48.0
B00OX419NG,,,,,1.0
B00P7CNTQI,,,140.0,140.0,140.0
B00PZ9Q7EO,,,,,30.0
B00Q4K3MLY,217.0,,217.0,217.0,217.0
B00QD9R05U,,56.0,56.0,56.0,56.0
B00QVB4VES,,,,,14.0
B00QWV97Z0,,,,,147.0
B00QYNOA62,,,28.0,,
B00S4LM7MQ,48.0,,,48.0,48.0
B00SFAXZXQ,,,,,6.0
B00SYVEKNA,,,,,53.0
B00TOTCINK,1253.0,1253.0,1253.0,1253.0,1253.0
B00TOTCJYS,,1253.0,1253.0,1253.0,1253.0
B00U02BQZQ,,,,84.0,84.0
B00UL4LLQW,632.0,,,632.0,
B00X4STQPK,,,,,8.0
B00Y1J8NH8,,,,1276.0,1276.0
B00Y1J8NIC,,,,1276.0,1276.0
B00Y1J8NLO,,,,,1276.0
B00Y1J8NMS,,,,,1276.0
B00Y1J8NNC,,,,1276.0,1276.0
B00Y1J8NO6,1276.0,,1276.0,1276.0,1276.0
B00Y1J8NS2,,,,,1276.0
B00Y1J8O2W,,,,,1276.0
B00Y1J8Q5W,,,,,1276.0
B00Y3SKIPM,,,,,31.0
B00YCY0IR0,463.0,,463.0,,
B00ZOGRK1C,468.0,468.0,,468.0,468.0
B010BJJOLA,,,,11.0,
B010KT49RK,,,,165.0,165.0
B010MN7L2E,,,,12.0,12.0
B0114UI1FA,,,,,857.0
B0114UIEIE,,12.0,,,12.0
B0114UIQQE,3.0,,,,
B0114UJBVI,5894.0,5894.0,5894.0,5894.0,5894.0
B0114UK72A,,,,,26.0
B0119DOQLK,,,,,1.0
B011I793N8,,,,101.0,101.0
B012JMLZV4,,,,,213.0
B012JMLZVY,,,,,213.0
B0138WHJO6,,,,,51.0
B013FQWWCO,,,,,9.0
B013ZEJLX4,,,,,39.0
B0147GAEW6,,,,,13.0
B0147LLGPK,,,505.0,505.0,505.0
B014CIT45C,,,,12.0,12.0
B0153GBH0M,150.0,,150.0,,150.0
B015RMEHEA,,,,,29.0
B015RMEISU,,,,,29.0
B015X68RGE,,,,,14.0
B015X69BXM,,,1.0,,
B015XSAWQ0,,,,,4.0
B015XSOOGY,2.0,,,,
B01625ZSDU,,,,,2.0
B016KFYB3K,,,9.0,9.0,9.0
B016UDU316,,,,,40.0
B016YT2OHC,18.0,,,,18.0
B017UYKALW,,,,,7.0
B018993QFO,,,,,71.0
B0189PBSIK,,,,,30.0
B018CLE7KC,,,,,15.0
B018G4XM7Y,,,,,14.0
B018ZQW4BS,,,,,2.0
B019B0P4GO,,,,,46.0
B019JE4PTE,,,,338.0,338.0
B019OH1INM,517.0,517.0,,517.0,517.0
B019YJJCVU,,,,,4.0
B019YTT42W,70.0,,,70.0,
B01A3JM2IU,,,358.0,,358.0
B01A3JM3LQ,1033.0,1033.0,1033.0,,1033.0
B01AKQEBNA,,76.0,,,
B01AKQEBOO,76.0,,,,76.0
B01BO60V3Y,,,,,390.0
B01BV47T98,,,1253.0,,1253.0
B01C3A8LRS,,,,,11.0
B01C7IECJW,2.0,,,,
B01CPV0K2E,,,,,3.0
B01CPV0K3I,,,,,32.0
B01CPZBFO2,,,,714.0,
B01CU6MNDS,388.0,388.0,388.0,,388.0
B01CXL82FI,,,,,5.0
B01D2WZAOI,77.0,,,,77.0
B01D2XOQB0,,,18.0,,
B01D2YBONC,,,,,15.0
B01DRSB3PM,40.0,,40.0,,40.0
B01E0LXP5G,,,,,29.0
B01E6IPXGM,,,15.0,15.0,15.0
B01E8I1AU8,,,,,5.0
B01EBIG0X2,,,,,13.0
B01EIQYDKY,210.0,,,210.0,210.0
B01F3ZYHTG,,,,,154.0
B01F8NU0ZI,,,247.0,247.0,247.0
B01F8NU2QU,,247.0,247.0,,247.0
B01F8ON97S,,,,,76.0
B01F8ONDCY,,,,,76.0
B01F8ONFPO,,,,,76.0
B01F9XVOFW,,,,,76.0
B01FH9XVSQ,,,,,4.0
B01FKZEA32,,,306.0,,306.0
B01G2Z4XYA,,,,,816.0
B01G6451WK,,,,,17.0
B01G7YVP42,,,,,23.0
B01G8GN542,,,130.0,130.0,130.0
B01G8GN560,,,,14.0,14.0
B01GERVEEI,,,,154.0,
B01GVED2LC,,,,,76.0
B01GVED6XQ,,,76.0,,76.0
B01HDVCXNK,,,,,7.0
B01HI4JVV4,,,,146.0,146.0
B01HI4JY02,,,,146.0,146.0
B01HJZZF94,219.0,,,,219.0
B01HR42GH6,167.0,167.0,,167.0,167.0
B01I2Y7OS6,,,,,2.0
B01IA9C2MG,,,,3.0,
B01IADYKDG,,,,,92.0
B01IAEAU70,,,,21.0,
B01IAEAYH6,,,,,72.0
B01IAF08H6,115.0,,,115.0,115.0
B01IAF0IHG,,,,,17.0
B01IAF34OA,,,,,16.0
B01J6K7E08,,,,,5.0
B01J7LTA0S,,,,,2.0
B01JOQ109K,,,,,336.0
B01JOQ12LQ,,,,336.0,336.0
B01JOQ15HW,,,336.0,336.0,336.0
B01JV7T72Y,,1.0,,,
B01JVYY60U,,,,74.0,74.0
B01K7YKNYG,140.0,,140.0,,140.0
B01LOMNXSI,,,,,54.0
B01LPNSU7K,,,,,2113.0
B01LWI41LJ,,24.0,,,24.0
B01LYM8X9U,474.0,474.0,,474.0,474.0
B01LYRBMWP,,,,,10.0
B01M72K3MA,,,,,1.0
B01M9DR5R3,,,39.0,,
B01MQDKI1E,,,,,19.0
B01MS639V1,,,,,39.0
B01MV0KF2F,,,,,765.0
B01MV0QSK1,,,,,765.0
B01MXE1IYC,,,,,5.0
B01MYH48P2,,,,765.0,765.0
B01MZ7XYNC,,,,,3.0
B01MZIP066,,,,102.0,102.0
B01MZIR6CC,,,,,765.0
B01N06VHTB,,,,,6.0
B01N0M35GA,341.0,,,341.0,
B01N1G2OZI,,,,32.0,32.0
B01N3173FF,130.0,,,,
B01N3XZ672,,,,,3.0
B01N4DPZKW,,,,,618.0
B01N531URB,,,,,99.0
B01N6I6I6M,,,,39.0,
B01N6QLQHU,,,,134.0,134.0
B01N7G8CPF,,36.0,36.0,36.0,36.0
B01N8U2XTD,,,,412.0,
B01N9K5O5L,,,,1.0,
B01NAFCEAS,,,,30.0,30.0
B06VX8GZMH,,,,,603.0
B06WWC6DBB,,,,23.0,
B06X9LRLM6,60.0,,60.0,60.0,60.0
B06XC92JQ5,,,,94.0,94.0
B06XCBFQ4L,,,,,2.0
B06XCJYQ2S,,,,94.0,94.0
B06XCSG56K,,114.0,,,114.0
B06XD4RHR9,,,,,19.0
B06XKBJJJB,,232.0,,,232.0
B06Y12ZQPW,,,,16.0,
B06Y5ZDT3G,200.0,,200.0,200.0,200.0
B0714LM73K,,,,,3.0
B0714R2D5J,3.0,,,,
B0716CG36H,,,,64.0,
B0719D9QJP,,6.0,,,
B0719MCJD7,,,,,3.0
B071CL2PBB,,,,,740.0
B071JC4XCK,14.0,,,,14.0
B071JK1R9V,,,505.0,,505.0
B071P2MSV8,,,,21.0,
B071X8ZQP2,,,,,33.0
B071YCDDYG,,,,,12.0
B07211Z8KK,,,,138.0,138.0
B07232HLFS,,,,,18.0
B072PQZT2P,,,,,139.0
B072WCHPQR,,,,,24.0
B0732NXZ9H,,,,,11.0
B0734JZTY4,,,,,959.0
B07373BP8C,,,,,603.0
B073R9JQQ2,,,,119.0,
B073RBDSJV,,,119.0,,119.0
B073RGYCN8,,,22.0,,
B073SZMFFK,,,698.0,698.0,698.0
B073VMGVN6,,,,,1088.0
B073W8FRR1,,,,,9.0
B073WHBW2N,,,100.0,100.0,100.0
B0745KDR22,,,,,12.0
B0749GCJQ3,,52.0,,,52.0
B0749JZB3S,,,,,31.0
B074BVWYC4,,,,,7.0
B074KF18WQ,,,,,9.0
B074KGPC4B,50.0,,50.0,50.0,
B074M91BMF,,,,603.0,603.0
B074N1PG28,,20.0,20.0,,
B074P9WX2D,,,,,4.0
B074RFLSGT,,,,,45.0
B074T16QN7,,34.0,,,34.0
B074W6K2XF,100.0,,,100.0,100.0
B074W8CN82,135.0,135.0,,135.0,135.0
B0752B83DP,,,,15.0,15.0
B0752TSK5X,,11.0,,,11.0
B0755XZYLY,,,192.0,,192.0
B0755YHXWG,,,,,16.0
B07584HTKG,853.0,,853.0,853.0,853.0
B07584ZPQY,,,,,50.0
B07594VB7N,,,,,56.0
B075F68D6B,,,,,15.0
B075GPD9CB,,,,,23.0
B075HKM631,,,8.0,,
B075MPP72M,,,,,2.0
B075QDT5W9,,,2516.0,2516.0,2516.0
B075S9WSFX,,,,,5.0
B075X48CSN,,,,,20.0
B075X9KDKQ,,,,,28.0
B076CQC4QQ,,,,,354.0
B076P63BRK,,,,,84.0
B076Q4THSP,,,,5.0,5.0
B076XBTLTY,32.0,,,32.0,32.0
B076YXQHJQ,,,1.0,,
B0772W2NBN,385.0,,,,
B077BCZFFV,,,14.0,,14.0
B077GQQKVL,,,,,13.0
B077MM36J5,,48.0,,48.0,48.0
B077P1GVCH,,341.0,,,
B077PXSP19,,,32.0,,
B077QTN67P,,,,,306.0
B077T4RYWN,808.0,,,,808.0
B077T7ZB7M,808.0,,,,808.0
B077WDYJSV,,,,,11.0
B077Y91RDN,,,,,8.0
B0785RR8W3,54.0,,,,
B0786DQ6PH,,,,,7.0
B078877J9G,,,,,71.0
B078C7KSRC,,,808.0,808.0,808.0
B078H6LM4Y,,,,7.0,7.0
B078MKY9ZT,,,,,12.0
B078N7WQY9,,,,,37.0
B078Q69B1H,,,,15.0,15.0
B078R3MMPM,,,,364.0,364.0
B078R4XGJF,,,,,110.0
B078RFBYZV,,36.0,36.0,36.0,36.0
B078W394PR,717.0,717.0,717.0,717.0,717.0
B078W7N6Y5,16.0,,16.0,,
B078X54C99,29.0,,,,29.0
B07918XPQV,,27.0,,,
B07919GQZN,,,,,9.0
B07919LX8C,,,,,15.0
B0795DFPY3,,,48.0,,
B0797G9CJ4,,,,95.0,95.0
B0797GQFYM,,,,,74.0
B0797LJ17C,,,,,142.0
B0797P8S5Y,,,,566.0,566.0
B0799BDWDK,,,,,7.0
B079JVHD5T,,,,,4.0
B079JX2ZD9,38.0,,38.0,38.0,38.0
B079L3JVP1,,,,,32.0
B079LX2SZV,,,,,304.0
B079RMLDKK,,,,,51.0
B079VVLKHN,,,,,18.0
B07B881CSN,,,9.0,,9.0
B07B8BPZ88,,,,,5.0
B07BLXY7F8,,,,,342.0
B07C573ZYB,,,,428.0,428.0
B07C78GK8P,,141.0,,,141.0
B07C9MRKM5,,,193.0,193.0,193.0
B07CG6CXBM,,,,72.0,72.0
B07CTFX1YT,,,,,32.0
B07CVRFG9V,,155.0,,155.0,155.0
B07CZNDGBK,,,,,18.0
B07CZWN9HH,,,,,53.0
B07D3D9K8Q,,,,,5.0
B07D7T8CTC,,,,,146.0
B07D97VTXR,,,,,12111.0
B07D97W5L9,,,,,12111.0
B07D97XPXG,,,,,12111.0
B07D9835GC,,,,,12111.0
B07D9835GD,12111.0,,,,12111.0
B07D9835GF,12111.0,,,12111.0,12111.0
B07D984QM8,,12111.0,12111.0,,12111.0
B07D987FD8,,,,,12111.0
B07D9882CD,,,,,12111.0
B07D98CF49,,,,,12111.0
B07D98HBH8,,,,,12111.0
B07D98JPCX,,12111.0,,,
B07D98L6YX,,,,,12111.0
B07D98MQBX,,,,,12111.0
B07D98PGQX,,,12111.0,,
B07D98PKS9,,,,,12111.0
B07D98X4BC,,,,,12111.0
B07D98ZGZ2,,,,,12111.0
B07D991F5D,,,,,12111.0
B07D992MXJ,,,,,12111.0
B07D994KJ4,,,,,12111.0
B07D995NC5,,12111.0,12111.0,,12111.0
B07D995R7T,,,,,12111.0
B07D99D46Y,12111.0,,,,12111.0
B07D99HCMG,,,,12111.0,12111.0
B07D99MDPB,,,12111.0,,12111.0
B07D9B9FKW,,,,,12111.0
B07D9C7CVK,,,,,32.0
B07D9KNJMH,,,,,12111.0
B07D9LFLVS,,,,,12111.0
B07D9LP28X,,,,,12111.0
B07D9LWDC6,,,,,12111.0
B07D9LX2W3,,,,,12111.0
B07D9M1P4M,,,,,12111.0
B07D9M2PSQ,,,,,12111.0
B07D9M8LVQ,,,,,12111.0
B07D9M9W9Z,,,,,12111.0
B07D9MCHRZ,,,,12111.0,
B07D9MH5KC,,,,,12111.0
B07D9MPW6L,12111.0,,,,
B07D9NLGBC,,,12111.0,,
B07DCQZKDW,,,,,12111.0
B07DCS3QLD,,12111.0,,,12111.0
B07DCSKTN5,,,,,12111.0
B07DCSR7PK,,,,,12111.0
B07DCSW9WC,,,,,12111.0
B07DCV1ZVK,,,,,12111.0
B07DCXY1F2,,,,,12111.0
B07DCY5D3R,,,,,12111.0
B07DCYWC8P,,,,,12111.0
B07DFJ825H,,,,80.0,
B07DGX19XC,,,,,385.0
B07F45NBF2,,,,,385.0
B07F6YTZ86,,,,,2.0
B07F7QP31F,,,,,24.0
B07FLMR9ST,113.0,,113.0,,113.0
B07FLPMJKG,,,,,113.0
B07FLWGCNT,,,,,122.0
B07FPQY7ZD,,,,,26.0
B07FVW22PS,,,73.0,,73.0
B07FWFF8MB,341.0,,341.0,,
B07G79NBSD,,167.0,,,167.0
B07G79XGS7,,,,,33.0
B07G7B9C9L,,,,81.0,
B07G7BPLSB,1238.0,1238.0,1238.0,1238.0,1238.0
B07G7H22WC,45.0,,,,
B07G7HV55X,,,,,9.0
B07GC7F1Z5,,540.0,,540.0,540.0
B07GFVDM45,,,131.0,,131.0
B07GN8M8L7,,,,8.0,8.0
B07GPGNHQF,,,,6.0,
B07GW8CKY3,,,,,5.0
B07GW9VS5J,,,,,8.0
B07GWFGKPK,,,15.0,,
B07H765DQG,,,,,12.0
B07H7DX6F5,,,14.0,,
B07H9VDH19,,,,,25.0
B07HJ1YD59,,,,,14.0
B07HJT3C55,,,162.0,,162.0
B07HKYZ6F4,,,,,199.0
B07HL1PXQW,,,,,199.0
B07HMLZTBQ,37.0,,,,
B07HWR2JYN,,,,,4.0
B07J1NJTX5,,,,,10.0
B07J65H96H,,,,,23.0
B07JC5BYTF,,,,,14.0
B07JDZVM1P,,,,,46.0
B07JG1TT5D,,,,,108.0
B07JHKPK99,,,108.0,,
B07K1G2L76,,,,,80.0
B07K1L7TQ8,,,,,48.0
B07K67Q5GQ,,,105.0,,105.0
B07K8F32JS,,,,,145.0
B07KJH69KR,39.0,,,,39.0
B07KKP43XR,,,,,154.0
B07KSZYTHH,,,,,159.0
B07KZ7GRDC,3.0,,,,
B07L1F2R8T,,7.0,,,
B07L5THGMX,142.0,,,,
B07L6X93CQ,551.0,,,551.0,551.0
B07LBWFK76,,,,,306.0
B07LGBKVV8,231.0,,,231.0,231.0
B07LGF428S,,,,,455.0
B07LGFQXDW,,,,,455.0
B07M7326QW,,,,,138.0
B07M8F3FN6,,,,,34.0
B07M8PBC65,1085.0,1085.0,1085.0,1085.0,1085.0
B07M98P3VK,1085.0,1085.0,,1085.0,1085.0
B07MCZFYV7,,,,,63.0
B07MFQKK8X,,,457.0,,457.0
B07MN1D9PX,,,,,43.0
B07MQ9XWKB,,,,320.0,320.0
B07MV1YVRY,,,60.0,,60.0
B07MVR94GH,,,,,228.0
B07MXP3G5L,,,,,25.0
B07MZ222XB,,,,,15.0
B07NG1YYMT,,,,,117.0
B07NY4W88M,,,,,14.0
B07NYMV5LP,,,,,57.0
B07NZ47LZV,650.0,,650.0,,650.0
B07P1FYVX3,,,,,201.0
B07P7JMS41,,,,,348.0
B07P8VHZSR,,,,1465.0,1465.0
B07PD2WZGY,1174.0,1174.0,1174.0,1174.0,1174.0
B07PPQRVBQ,,,,,24.0
B07PRPY4Z8,,,,,4.0
B07PYTRP15,,,,808.0,808.0
B07Q8JDJCZ,,,,,22.0
B07Q9L93TZ,,,,,133.0
B07Q9PVHTK,388.0,388.0,388.0,,388.0
B07QB2KMS7,,,,133.0,133.0
B07QJ1SVGB,,,,,19.0
B07QZNTLX1,,86.0,,86.0,86.0
B07R1Q4WK6,,,,,3.0
B07R1XLXSX,,,,,34.0
B07RJKM514,,,,210.0,210.0
B07RLXM17V,,,,,2164.0
B07RNB4RY4,,,,,2164.0
B07RYH58QS,,,,,56.0
B07RZG7RJ4,,,,,217.0
B07S1JSRZB,,,,,202.0
B07S29N86L,,,,,10.0
B07S2FZRN8,,,,1457.0,1457.0
B07S32VXL3,,,,132.0,
B07SZRMYCR,,,,,5.0
B07T186PWX,,,,,217.0
B07T92YQVW,,37.0,,,37.0
B07TCYTBZK,,,,,365.0
B07TJQZ3F8,,,231.0,231.0,231.0
B07V5C5YHT,4.0,,,,
B07VCBKMW4,,,,,109.0
B07VD5XHT4,,,109.0,109.0,109.0
B07VGFXYC1,,40.0,,,
B07VJXJR7T,14.0,,,,
B07VMHQQRP,727.0,727.0,727.0,727.0,727.0
B07VQP5GFJ,,,,,16.0
B07VXRW1M3,2565.0,2565.0,2565.0,2565.0,2565.0
B07W1P1DVC,,,499.0,499.0,499.0
B07W64QJ7Z,230.0,,,,230.0
B07WF2GKSZ,289.0,,,,289.0
B07WGQBDC8,,277.0,,,
B07WHSV7F3,,141.0,,,
B07WJ4BV72,,,,67.0,
B07WK5RHSD,,,,,26.0
B07WVQN45B,,,,,201.0
B07WWKJ3DZ,,,,,37.0
B07X474JFR,,,,,69.0
B07X5HWZBP,,,,,26.0
B07XCLYC1L,932.0,932.0,932.0,932.0,932.0
B07XF32LRR,,,,,101.0
B07XS9224G,10.0,,,,
B07Y46CPL4,,,,,388.0
B07Y9R412J,,,,,9.0
B07YSR287C,,,139.0,,
B07YXXDXHW,,,,,201.0
B07Z3G1D2L,,,,,60.0
B07Z74HBJV,1085.0,1085.0,1085.0,1085.0,1085.0
B07Z784MTQ,267.0,267.0,,,267.0
B07Z78H3XB,1085.0,1085.0,,,
B07Z7F54J3,,,,,111.0
B07ZKLDGWC,,,,,100.0
B07ZLLY1VT,,,,,6445.0
B07ZPVBM55,,,137.0,,137.0
B07ZSDFNWW,,,,,40.0
B07ZZ2YPMT,,66.0,,,
B08168KJKG,91.0,,,,
B081C9V81V,,,,473.0,473.0
B081HZB24Z,,,,,4.0
B0821RGFV1,,,,,272.0
B0821RRR4R,,,,,5.0
B0821ZJCQH,379.0,379.0,,379.0,379.0
B0822G4MTT,,,,,82.0
B0822NN36C,9.0,,,,
B0823WZCZT,,,,,87.0
B0824X39F8,,98.0,98.0,,98.0
B08285ZN1M,,,,163.0,163.0
B082QVGGR8,,,,,43.0
B082R6CTXT,,,2.0,,
B083188MDN,,,,,2.0
B08318QDLY,,,,,2.0
B0833RRHM2,,,,,62.0
B0834FLKNF,,,,,109.0
B0838KFQ5P,150.0,,,,150.0
B083DMVXC5,,,,,46.0
B083MYN6KY,,,,31.0,31.0
B083NK2H8T,231.0,,231.0,,231.0
B083NVH9RB,,,231.0,231.0,231.0
B084FXD6KM,,351.0,,351.0,351.0
B084GV8RBK,209.0,,,,209.0
B084GVXC17,,,,,108.0
B084SSV5XD,,,,,201.0
B084TC8NMF,,,,,11.0
B084TCNZFW,,,,11.0,
B084X96B6K,,,,,115.0
B08511CZQM,,,,,115.0
B0851JC1XN,,,,,138.0
B0851JVQPP,,,,,129.0
B08532HT6D,1205.0,1205.0,1205.0,1205.0,1205.0
B08532S7G1,1205.0,1205.0,1205.0,,1205.0
B0853351C4,1205.0,1205.0,1205.0,1205.0,1205.0
B0859Z39GN,,,,,201.0
B0859ZVLC9,,,,,201.0
B085HK4287,1445.0,1445.0,1445.0,1445.0,1445.0
B085LSRZBX,,,,254.0,
B0861KLGZM,,,,,31.0
B0862F75HH,,,39.0,39.0,39.0
B086756VTX,,,,990.0,
B086GJF6PP,,,,,25.0
B086HKKVYW,,,28.0,28.0,
B086HLB6RM,,,,28.0,
B086KY5V1T,,,,109.0,
B086MPX4NF,,,,,33.0
B086VKKHKY,,,,,90.0
B0878XZ5ZR,,,,,80.0
B087C2P7TQ,,,,,31.0
B087DRF3LW,,,19.0,,19.0
B087LXJ3MG,,,26.0,,26.0
B087NSWGVN,,,,,79.0
B087TW9FRX,194.0,,194.0,,
B087WKQMHV,,,,,90.0
B088618F5P,,,,,32.0
B08864X394,,,85.0,85.0,85.0
B08881DTBR,,,,,4.0
B088PJCVFM,,,,176.0,
B089LGCZ5Z,,,,52.0,
B089QDXZNS,,,,59.0,59.0
B089VR1DM5,,,,,87.0
B08B65MC2D,,,,136.0,136.0
B08BJFQXL9,200.0,,200.0,,200.0
B08BP6FVP3,,,,,12111.0
B08BPHYSN2,,12111.0,,,
B08BPJQL7T,,,12111.0,,
B08BR8QMSV,108.0,,108.0,,108.0
B08BV1HDRB,31.0,,,,
B08C7JBPD1,,,,,21.0
B08CBRVZX9,,,,,118.0
B08CK66QV6,,,,,12.0
B08CRL577L,,,,,33.0
B08CTFJ2VH,,,,,11.0
B08CVD6BWF,,,56.0,,56.0
B08D6YXM3X,,,,,62.0
B08DRHK336,,,,,59.0
B08DY5L6FP,,,,,19.0
B08F74Y5MY,,456.0,456.0,456.0,456.0
B08F7JHMDB,540.0,,,540.0,540.0
B08F8J8P48,,,,,12111.0
B08F8RCFBG,,,,,12111.0
B08F8T334C,12111.0,,,,12111.0
B08F8ZX5YT,12111.0,,,,
B08F91JFS5,,12111.0,,,
B08F94XTJ4,12111.0,,,,
B08FD5FDRD,,,,,1.0
B08FDZK412,,,,,12111.0
B08FFWC32F,,,,,135.0
B08FG5WYX6,90.0,,,,
B08FQRZV6G,5.0,,,,
B08FWQF3TG,606.0,606.0,606.0,606.0,606.0
B08FWTR292,,,,606.0,
B08FWYJMV2,606.0,606.0,606.0,606.0,606.0
B08FX2X6JN,606.0,,606.0,606.0,606.0
B08FX4Y8WD,,606.0,,606.0,
B08FX7J6DR,,,606.0,606.0,606.0
B08G5F13W8,,,3333.0,,3333.0
B08GC3R8ZB,,,,,45.0
B08GCCTT2Q,,,,76.0,76.0
B08GJJB3WW,61.0,,,,61.0
B08GLSYRXW,,,,,6.0
B08GLT8MBX,,,,,314.0
B08GPRJMXH,,,,106.0,106.0
B08GR3TCHS,,,,20.0,20.0
B08GSFYYWX,,,87.0,87.0,87.0
B08GYRMLJS,,,,,1.0
B08H5FVQZS,,,,,46.0
B08HCVQM1Y,,,,,22.0
B08HLR9HMY,,,,,44.0
B08HRW2M8J,38.0,,,,
B08J2D74W6,,,,,287.0
B08J3YQMGN,,,,,319.0
B08J7MFXZD,,,,,1.0
B08JBRNN7L,465.0,,,,465.0
B08JCCDFWL,,,,,72.0
B08JCF6HB1,,,,,65.0
B08JCTQJ79,40.0,,,,
B08JPBWSZR,,,,,38.0
B08KDM1QW3,,,,,98.0
B08KH2VTDJ,,,,,12111.0
B08KH4B9C1,,,,,12111.0
B08KH4SSLY,,,,,12111.0
B08KH5XZZ3,,,,,12111.0
B08KH879KS,,,,12111.0,
B08KHCNMNG,12111.0,,,,
B08KHCQJF4,,,,,12111.0
B08KHCR534,,,,12111.0,12111.0
B08KHJ9Z88,,,12111.0,,
B08KHM19FD,,12111.0,,12111.0,
B08KHM77CQ,,,,,12111.0
B08KHMYY3X,,,,12111.0,12111.0
B08KHN1MPZ,12111.0,,,,
B08KHNBLR1,,,,12111.0,
B08KHNWR87,,,12111.0,,12111.0
B08KHPBX5D,,,,,12111.0
B08KHPD9F1,12111.0,,,,
B08KHPDBX8,,,12111.0,,
B08KHPL3L2,,,12111.0,,
B08KHPRGPM,,,,,12111.0
B08KZFS6XF,,1730.0,1730.0,,
B08L4Z91V4,,,,,318.0
B08L5FBV39,1205.0,,,,1205.0
B08L5G6K3Q,,1205.0,,,1205.0
B08L69PBB6,,,,,57.0
B08LDWT3CW,,,350.0,,350.0
B08LMLH9G7,91.0,,,,91.0
B08LMY9XD5,,,,,124.0
B08LP227MT,1085.0,1085.0,1085.0,,1085.0
B08LTCFYR8,,,,,5.0
B08LVC46ST,80.0,,,,
B08LYKYMDL,,,,,336.0
B08LZQJ3LR,,,,,34.0
B08M9CMJCX,,,,,2.0
B08M9R55DX,,184.0,184.0,,184.0
B08MQ4K8WH,165.0,,,,
B08MVVNSCL,,,,,5.0
B08N63DVPS,,,,,13.0
B08NJGT8N3,1.0,,,,
B08NJVXC99,,,,,165.0
B08NK3L68Z,,12111.0,,,
B08NSNGVV9,1.0,,,,
B08NWFMHCD,,,,,3.0
B08P4SP5QK,,,,,9.0
B08P5ZXF14,,,,,45.0
B08P76SJJ8,,,,148.0,
B08P7WCXQN,,,,,78.0
B08P81GFXK,,,,254.0,
B08PN1NNFF,,,,,17.0
B08PW4KT7L,,,,,540.0
B08QMFSRND,214.0,,,,
B08QMXPM5L,214.0,,214.0,,214.0
B08RQBTHBF,,,,,16.0
B08S6STV5D,,,,,25.0
B08S8W3DKK,,,,,74.0
B08SL1MH9Z,,,,,46.0
B08SMNYP53,,,275.0,,275.0
B08T1CN8BJ,,,,125.0,
B08T61FZWT,,,,,81.0
B08T65CZF2,,,,,287.0
B08T6LVGPB,,,1.0,,
B08THDB7PJ,,,,,52.0
B08TZXHBD1,,,,,82.0
B08V6Q4GN6,,,,,13.0
B08V6Y47YB,,,,,30.0
B08W458J2P,,,,210.0,210.0
B08WXFPGMW,5.0,,,,
B08XQ248VT,,,,,89.0
B08XSGFRPR,36.0,,,,
B08XTQ17WN,,,,,1295.0
B08XZ6VKMB,,,,,465.0
B08XZ7VSYZ,465.0,,,,
B08YRRN6GC,,,291.0,,291.0
B08YRRR5FY,,,141.0,,141.0
B08Z43JH6H,,,,,287.0
B08Z6ZDZLS,,,,,318.0
B08ZDN9HKT,,,,,24.0
B08ZJZ2QM7,,,,,5.0
B09125W1N5,,380.0,380.0,,380.0
B0912JB1RS,,,,,682.0
B0912JTKQZ,,,682.0,682.0,
B09186ND9T,,,,,24.0
B091981JKT,,,,,27.0
B091LCT6JY,,,,,287.0
B091MYPCS6,,,,,9.0
B091PXYH25,,,,,10.0
B091Q14P56,,,,,7.0
B091SPZRM6,,,,270.0,270.0
B091XR1JT6,,,,,23.0
B0921Q9G8S,,120.0,,,
B0928BJNQ4,8.0,,,,
B092FHK316,,,,,1155.0
B092FLS3S8,364.0,364.0,,364.0,
B092FSSYRW,,400.0,,,400.0
B092FWB2Q6,,,,,221.0
B092G1ZH11,469.0,,469.0,,469.0
B092MLL4JV,,,,27.0,27.0
B09312RPR9,,,,,343.0
B093C9S5LV,,,,,343.0
B093TCV9GS,,,,,343.0
B093TCWG4M,,,,,260.0
B094G85JR2,,,,,270.0
B094JG5784,,,,83.0,
B094X6BVG7,,,41.0,,
B0951NB3QD,,,,,27.0
B0958RGT2C,,,,,1155.0
B0958W25ML,1155.0,,,,
B0958YNDRY,,,1155.0,,
B0958YYRS3,,,,,1155.0
B0958ZBTD3,,1155.0,,,
B09593MYL3,1155.0,,,,1155.0
B09595VSPQ,,1155.0,,1155.0,1155.0
B0959665F7,,,,1155.0,1155.0
B095979R61,,,1155.0,,
B0959C34G8,,,,,1155.0
B0959HLBF8,,,,,1155.0
B095HSZNGV,,,,,314.0
B095VQD7RG,,,,,314.0
B095ZY7D57,34.0,,,,
B0969W9RGG,,13.0,,,
B096CHL3N1,1155.0,,,,
B096JM31DY,,,,,314.0
B096LCRHFM,,,,,17.0
B096V6SF3Y,119.0,,119.0,,
B096X837ZQ,,,,,7.0
B096YFYNWK,,,,,43.0
B0973W19HL,,,,14.0,
B0973WGX3D,,9.0,,,
B0973XRPDH,,,6.0,,
B098PTB2DY,,,,,2.0
B098Q26LP1,127.0,,127.0,,127.0
B098Q4H2LP,,,,,127.0
B0995K9F3V,,,,,192.0
B099F337F1,,,,35.0,35.0
B099F776WQ,35.0,,,35.0,35.0
B099NQTDPK,27.0,,,,
B09B131FF9,,,,,50.0
B09B4TV9D1,,,,140.0,140.0
B09B4V6WFP,,44.0,,,44.0
B09B9W9FNF,,,207.0,,
B09BB7N8JQ,,79.0,,,
B09BC5S7MC,25.0,,,25.0,25.0
B09BHT5D29,33.0,,,,
B09C65RFZT,,,,31.0,
B09C66CP3C,,,,,31.0
B09C6BDFQS,,,,61.0,
B09CGSF49T,,,,,551.0
B09CTTCJDB,258.0,,,258.0,258.0
B09D433NKQ,,,,,43.0
B09D446RNR,9.0,,,,
B09DL8XQHG,,69.0,69.0,,
B09DYD6SXW,,,,11.0,
B09DYGN85S,,,,6.0,
B09FKK5R1K,,,,,107.0
B09FPHRJJQ,,,,,18.0
B09GCRWVQ6,,,,,29.0
B09GYF7P5M,,,,133.0,133.0
B09H161HRY,,,,,50.0
B09H193YRJ,,,,,69.0
B09HBSBTWY,,,,,5.0
B09HYPYK4R,,,,29.0,
B09J1PZ9BH,68.0,,,,
B09J8JTJTL,,4.0,,,
B09JF3QDYT,,,,,61.0
B09JKSK6Y9,,,,61.0,61.0
B09K45GW5S,,,,,50.0
B09KRJH4FQ,,,61.0,61.0,61.0
B09KYL6W7Y,,,,,48.0
B09L5HB2LC,,,343.0,,343.0
B09LS7Y16Z,,,,,566.0
B09M3YCFFH,,,,60.0,60.0
B09MBTDCJV,,767.0,767.0,767.0,767.0
B09MW4R8NV,,,,,6.0
B09N1QNS1N,,,,,143.0
B09N44G84L,,,,,6.0
B09N6WKSWM,24.0,,,,
B09NMZ66YJ,,,98.0,,98.0
B09NQ3SCDR,,,,,31.0
B09NS2RTWH,,,,,22.0
B09PBWCBNY,,,,,473.0
B09PDMS91N,,,,,58.0
B09PFP85QL,,,26.0,,26.0
B09PFPSRP1,,,,,11.0
B09PFPTMG9,,,,,21.0
B09PL14GS7,,,,22.0,
B09PML2GQ2,,,,32.0,32.0
B09PQD2N4K,,,,,15.0
B09PR7R8MB,,,,,29.0
B09Q86PFCQ,,,,253.0,253.0
B09QBS62TX,,,,69.0,69.0
B09QKYVD8V,,,8.0,,
B09QVKRB8X,,767.0,767.0,767.0,767.0
B09RPS8ZTH,4.0,4.0,,,
B09SHX87NK,,,,13.0,13.0
B09T5WLFZH,,,51.0,51.0,51.0
B09TDGSXM1,,,,,30.0
B09TGXBQC5,,,,,420.0
B09TGYZ2DP,420.0,,,,420.0
B09TPHJ5WB,,,32.0,,
B09TRHTY1Z,,,,,1465.0
B09TZMS25T,,,,,385.0
B09V14TKGF,,13.0,,13.0,13.0
B09WMJ79SX,,,,,195.0
B09WXRHFTK,,,,,104.0
B09WYQDQQ3,,,,104.0,
B09X1BK57X,,,456.0,456.0,456.0
B09X1F545P,,,,,456.0
B09XCRBMB3,,,,,2.0
B09XDR4HY9,1.0,,,,
B09XGM5JBB,,53.0,,,
B09XMK9GLP,,,,,127.0
B09XMM16TT,,,,,127.0
B09XQL1Q43,2.0,,,,
B09Y5TK1FT,,,,,22.0
B09YD9GZRQ,,,,,262.0
B09YH5BBTZ,,,,111.0,
B09YH9X667,,,,,4.0
B09YM14ZTK,9.0,,,,
B09YS1CK7L,,,,,126.0
B09YVGTD6M,,,,,31.0
B09YVS6PVY,,,,,2.0
B09YYD2S64,,,,16.0,16.0
B09YZXBJ56,,,,,41.0
B0B11N5FR1,37.0,,,,
B0B15MJNL9,5.0,,,,
B0B1DLJCJL,,,25.0,,
B0B1N44T9J,,,,,291.0
B0B2R8LMB3,,,,,64.0
B0B2X2KDJ6,,,,43.0,43.0
B0B3DZSTX4,,,,254.0,254.0
B0B3F3SH2H,,,,,263.0
B0B46VYKQT,10.0,,10.0,,
B0B4B6KR88,,,,9.0,9.0
B0B4GD8FPQ,,,,,3.0
B0B59DDT25,,,41.0,,
B0B5GRN9QP,,,,66.0,66.0
B0B5JV533M,,,,,379.0
B0B5LGRN3B,,,,,8.0
B0B5LHBFDD,,,,,3.0
B0B5WWB1MY,,,,27.0,27.0
B0B6H751XH,54.0,,54.0,54.0,54.0
B0B754FTPJ,,,,,287.0
B0B8YXZX5N,,,,,184.0
B0B8YYR6GB,,,,,184.0
B0B8Z1SPR5,,,,,114.0
B0B8Z38M5F,,,,,108.0
B0B92GB12Y,,,,95.0,95.0
B0B9MHSP4M,,,767.0,767.0,767.0
B0BB7ZB7Y4,,,,,9.0
B0BDKL9ZN3,,,98.0,,98.0
B0BDMJNG68,,,287.0,,287.0
B0BFFB9QZD,,,,,1.0
B0BGP17L47,,,,29.0,29.0
B0BGRQG8WN,5.0,,,,
B0BGS3ZS8Y,,,,,75.0
B0BHQJNFR4,,,,91.0,
B0BHQKBV2S,,,,,91.0
B0BHQT3WXZ,,,,,29.0
B0BHXSVBFM,,,,,3.0
B0BJV57QW7,8.0,,,,8.0
B0BKZZ3RGC,,,,,30.0
B0BLMP8X7N,,,,29.0,
B0BLSKS5YP,,,,,8.0
B0BM9PBHH6,2.0,,,,
B0BMFDFZ65,,1.0,,,
B0BNSLBQZH,,,,,8.0
B0BR8KDYVY,,,45.0,,45.0
B0BRMXJKGW,,,,37.0,
